pX,pY
122150.0,44175.0
238750.0,57825.000011
238750.0,58025.0
238940.0,57825.000011
299604.212752,66873.128874
235195.001879,131275.370876
247063.560305,14303.891121
63700.0,108400.0
67240.605573,181696.619829
2846.792644,117293.387848
115986.707136,129112.313496
63700.0,108225.000011
55411.497814,64715.739949