pX,pY
102250.0,51105.393809
102250.0,50505.393809
125314.204066,49875.095706
125314.204066,49275.095706