pX,pY
54175.0,160100.0
24360.0,130350.0
68475.0,86300.0
98224.999513,116050.0
248275.0,109699.999513
204225.0,65654.851439
233970.148561,35662.5
278025.0,79950.0
59729.552382,75263.249937
59729.552382,73962.000012