pX,pY
248275.0,109700.0
204225.0,65654.851439
233970.148561,35900.0
278025.0,79950.0