pX,pY
68475.0,86300.0
278025.0,79950.0
233970.148561,35662.5
98100.0,116050.0
129065.0,17420.0
159500.0,135975.0
124675.0,59450.0
173025.0,56550.0
218625.0,51200.0
248275.0,109799.999513