pX,pY
42389.538221,183100.0
6200.0,111885.092597
42389.538221,153550.0
38200.0,142314.907403