pX,pY
63700.0,108225.000011
238750.0,57825.000011
238750.0,58025.0
238940.0,57825.000011
299604.212752,66873.128874
235195.001879,131275.370876
247063.560305,14303.891121