pX,pY
8025.0,123725.0
61850.0,69900.0
60800.0,176500.0
109775.0,122675.0
109698.847234,122751.152766