StartX,StartY,EndX,EndY
20410.274469,132350.000115,20790.274469,132350.000115