pX,pY
68626.411483,130347.246947
46312.881866,124920.808378
46312.881871,125120.806399
59061.955479,115147.002802
59061.955484,115347.000823
63049.293907,108192.430912
63049.293913,108392.428932
76332.077902,121475.31909
76332.077907,121275.321069
59594.069628,138212.088486
59394.071608,138212.088491
58912.051229,132677.0
58912.051224,132876.998021
68826.411483,130347.246947
66426.687039,87818.699402
239400.706093,57792.430912
239400.706087,57992.428932
242855.930372,87812.088486
243055.928392,87812.088491
233823.588517,79947.246947
256137.118134,74520.808378
256137.118129,74720.806399
243388.044521,64747.002802
243388.044516,64947.000823
226117.922098,71075.31909
226117.922093,70875.321069
243537.948771,82277.0
243537.948776,82476.998021
278087.247576,77900.807046
277907.218363,77900.807046
233623.588517,79947.246947
270225.03061,70847.500014
270055.0,70847.500002
262225.03061,70847.500014
262053.444281,70847.500002
294055.032589,70847.5
294225.03061,70847.500005
286225.03061,70860.000005
286055.0,70860.0
294225.03061,74739.999995
294055.032589,74740.0
278087.247576,77733.307046
277907.218363,77733.307046
270055.0,74752.5
270225.03061,74752.499995
277820.0,68453.67274
277819.999995,68653.670761
262053.47687,74660.019363
262223.474891,74660.01936
286055.032589,74740.0
286225.03061,74739.999995
302112.03061,74937.500005
302112.03061,74787.500005
101800.0,46627.503484
122195.078538,44666.28812
122195.078545,44366.2901
93700.0,45375.0
101800.0,46777.503484
129065.0,17420.0
129518.206767,46006.221984
129818.204788,46006.22199
135400.0,32675.0
135250.0,32675.0
93700.0,45225.0
104841.792072,77090.726157
243110.142167,133787.03061
243077.499995,125900.03061
239172.500005,125900.03061
239172.500005,117900.03061
243077.499995,117900.03061
246008.307041,109581.98781
243077.499995,101899.998021
239172.500005,101900.03061
243077.499995,93900.03061
233623.976313,79521.831459